-- ============================================================
--  HospitalDB — Complete SQL File
--  Includes: Database Setup, Table Creation, Data Inserts,
--            and Analytical Queries
--  SQL Dialect : MySQL 8.0+
--  Tables      : Diagnoses, Outcomes, Patients, Labs
--  Records     : 200 per main table
-- ============================================================


-- ============================================================
-- SECTION 1 — DATABASE & TABLE CREATION
-- ============================================================

CREATE DATABASE HospitalDB;
USE HospitalDB;

CREATE TABLE Diagnoses (
    DiagnosisID   INT PRIMARY KEY,
    DiagnosisName VARCHAR(255) NOT NULL
);

CREATE TABLE Outcomes (
    OutcomeID          INT PRIMARY KEY,
    OutcomeDescription VARCHAR(255) NOT NULL
);

CREATE TABLE Patients (
    PatientID     INT PRIMARY KEY,
    Name          VARCHAR(255),
    Age           INT,
    Gender        CHAR(1),
    DiagnosisID   INT,
    AdmissionDate DATE,
    DischargeDate DATE,
    OutcomeID     INT,
    TreatmentCost DECIMAL(10, 2),
    FOREIGN KEY (DiagnosisID) REFERENCES Diagnoses(DiagnosisID),
    FOREIGN KEY (OutcomeID)   REFERENCES Outcomes(OutcomeID)
);

CREATE TABLE Labs (
    LabID       INT PRIMARY KEY,
    PatientID   INT,
    TestName    VARCHAR(255),
    Result      DECIMAL(10, 2),
    NormalRange VARCHAR(50),
    FOREIGN KEY (PatientID) REFERENCES Patients(PatientID)
);


-- ============================================================
-- SECTION 2 — INSERT LOOKUP DATA
-- ============================================================

INSERT INTO Diagnoses (DiagnosisID, DiagnosisName) VALUES
(1,  'Hypertension'),
(2,  'Diabetes Mellitus'),
(3,  'Coronary Artery Disease'),
(4,  'Chronic Kidney Disease'),
(5,  'Asthma'),
(6,  'COPD'),
(7,  'Pneumonia'),
(8,  'Appendicitis'),
(9,  'Fracture'),
(10, 'Stroke');

INSERT INTO Outcomes (OutcomeID, OutcomeDescription) VALUES
(1, 'Recovered'),
(2, 'Stable'),
(3, 'Referred'),
(4, 'Deceased'),
(5, 'Under Observation');


-- ============================================================
-- SECTION 3 — INSERT 200 PATIENT RECORDS
-- ============================================================

INSERT INTO Patients (PatientID, Name, Age, Gender, DiagnosisID, AdmissionDate, DischargeDate, OutcomeID, TreatmentCost) VALUES
(1,'Rajesh Gupta',21,'F',4,'2023-04-25','2023-05-01',1,103121.43),
(2,'Vijay Chatterjee',29,'F',1,'2023-01-16','2023-01-20',2,38735.83),
(3,'Meena Sharma',43,'F',4,'2023-08-18','2023-09-07',3,122367.42),
(4,'Aarav Joshi',72,'F',5,'2023-03-21','2023-03-29',3,19820.49),
(5,'Sanjay Gupta',63,'F',10,'2023-05-16','2023-06-12',1,110811.11),
(6,'Rekha Gupta',66,'M',9,'2023-05-31','2023-06-28',5,133390.50),
(7,'Neha Mukherjee',42,'M',1,'2023-12-05','2023-12-14',3,147857.12),
(8,'Geeta Nair',30,'F',5,'2023-08-21','2023-09-12',3,28584.84),
(9,'Neha Mehta',52,'M',10,'2023-11-22','2023-11-29',5,110723.39),
(10,'Ananya Rao',66,'F',9,'2023-04-23','2023-05-16',3,127213.53),
(11,'Gopal Patel',47,'M',6,'2023-07-25','2023-08-04',1,35592.51),
(12,'Kiran Das',45,'F',7,'2023-11-26','2023-12-12',2,43407.62),
(13,'Kavita Chatterjee',51,'F',10,'2023-07-24','2023-08-06',2,149612.24),
(14,'Vikram Bose',81,'M',1,'2023-02-26','2023-03-04',2,119851.51),
(15,'Pooja Sen',26,'F',7,'2023-11-02','2023-11-18',5,41455.05),
(16,'Rekha Sharma',32,'F',6,'2023-02-27','2023-03-10',4,27932.87),
(17,'Aarav Reddy',82,'M',9,'2023-02-24','2023-03-25',3,127042.06),
(18,'Manoj Sen',43,'M',6,'2023-03-24','2023-04-12',5,138181.56),
(19,'Meena Das',80,'M',2,'2023-07-05','2023-08-04',3,39720.58),
(20,'Kavita Mukherjee',28,'M',8,'2023-02-05','2023-03-03',5,116045.99),
(21,'Vikram Pillai',39,'F',9,'2023-11-07','2023-11-22',2,139692.46),
(22,'Gopal Mehta',57,'F',6,'2023-08-13','2023-09-12',5,70465.49),
(23,'Kavita Nair',26,'F',1,'2023-10-29','2023-11-17',2,90323.82),
(24,'Aarav Singh',25,'M',2,'2023-01-17','2023-02-15',3,15274.32),
(25,'Kavita Reddy',80,'M',9,'2023-03-09','2023-04-03',5,88550.69),
(26,'Kavita Pillai',70,'M',2,'2023-02-19','2023-03-14',4,56373.15),
(27,'Pooja Rao',24,'M',1,'2023-07-26','2023-08-20',3,121085.91),
(28,'Sneha Nair',42,'M',9,'2023-08-18','2023-08-24',4,31605.77),
(29,'Arun Nair',27,'F',9,'2023-02-20','2023-02-23',5,126224.00),
(30,'Rahul Nair',39,'F',8,'2023-09-04','2023-09-12',4,135854.22),
(31,'Ananya Mishra',18,'F',5,'2023-08-21','2023-09-01',4,106005.77),
(32,'Usha Chatterjee',80,'M',4,'2023-06-01','2023-06-09',1,88981.14),
(33,'Rekha Patel',58,'M',1,'2023-10-27','2023-11-13',5,138311.13),
(34,'Manoj Joshi',25,'M',3,'2023-02-05','2023-02-26',1,102905.82),
(35,'Kavita Mishra',33,'M',10,'2023-11-01','2023-11-04',5,16887.59),
(36,'Lata Mukherjee',84,'F',5,'2023-04-15','2023-05-08',3,39609.46),
(37,'Sanjay Kumar',56,'F',6,'2023-02-07','2023-02-09',4,95068.09),
(38,'Kiran Gupta',27,'M',9,'2023-05-16','2023-05-22',3,132725.31),
(39,'Vijay Nair',65,'F',3,'2023-08-13','2023-09-10',5,107013.29),
(40,'Meena Bose',19,'F',2,'2023-03-10','2023-03-20',1,134008.34),
(41,'Usha Chatterjee',37,'F',5,'2023-11-06','2023-11-14',3,34521.61),
(42,'Rajesh Reddy',82,'F',5,'2023-01-27','2023-01-31',4,125255.47),
(43,'Priya Sharma',60,'M',5,'2023-03-24','2023-04-18',4,84993.66),
(44,'Pooja Chatterjee',19,'M',2,'2023-12-20','2024-01-19',2,84110.59),
(45,'Harish Verma',36,'F',3,'2023-01-22','2023-02-02',3,135352.32),
(46,'Savita Patel',63,'M',4,'2023-12-08','2023-12-13',3,118116.86),
(47,'Vijay Pandey',37,'M',3,'2023-04-01','2023-05-01',4,8594.02),
(48,'Usha Das',70,'M',5,'2023-03-23','2023-04-19',1,60468.55),
(49,'Priya Pillai',46,'M',8,'2023-06-29','2023-07-10',2,37323.91),
(50,'Lata Mehta',69,'F',5,'2023-02-05','2023-03-03',3,55916.19),
(51,'Manoj Mishra',60,'M',2,'2023-05-14','2023-05-21',5,144567.48),
(52,'Rohit Patel',31,'F',6,'2023-06-10','2023-06-25',5,147714.20),
(53,'Sneha Mishra',42,'F',1,'2023-12-29','2024-01-13',1,80388.45),
(54,'Savita Chatterjee',43,'F',7,'2023-02-05','2023-02-28',3,95357.53),
(55,'Lata Gupta',56,'F',7,'2023-06-17','2023-07-01',3,85389.81),
(56,'Suresh Pandey',66,'M',10,'2023-10-19','2023-10-30',4,84450.90),
(57,'Aarav Iyer',54,'M',7,'2023-10-24','2023-11-14',3,72423.29),
(58,'Arun Mehta',83,'F',3,'2023-12-04','2023-12-08',3,79740.54),
(59,'Rajesh Sen',60,'M',4,'2023-12-11','2023-12-22',2,121951.62),
(60,'Vikram Sharma',23,'M',8,'2023-11-09','2023-12-08',1,71035.34),
(61,'Vijay Mukherjee',42,'F',8,'2023-07-24','2023-08-02',2,100128.41),
(62,'Aarav Gupta',72,'M',3,'2023-12-23','2024-01-10',4,12281.67),
(63,'Kavita Gupta',76,'M',8,'2023-12-08','2023-12-26',5,91340.59),
(64,'Gopal Rao',82,'F',9,'2023-08-17','2023-09-16',2,112830.04),
(65,'Sunita Rao',51,'M',5,'2023-09-24','2023-10-11',2,44816.63),
(66,'Rahul Iyer',48,'F',6,'2023-06-13','2023-07-13',5,16683.76),
(67,'Vikram Nair',67,'M',4,'2023-02-02','2023-02-17',4,52977.80),
(68,'Arun Pandey',25,'M',7,'2023-07-19','2023-08-18',5,142178.99),
(69,'Aarav Mukherjee',66,'F',1,'2023-06-30','2023-07-11',4,128749.95),
(70,'Harish Pandey',46,'F',4,'2023-05-20','2023-06-04',4,9208.60),
(71,'Amit Mishra',39,'F',3,'2023-11-15','2023-12-04',1,136504.69),
(72,'Kiran Mukherjee',21,'M',7,'2023-03-11','2023-04-09',4,31350.71),
(73,'Rohit Mishra',59,'M',8,'2023-06-17','2023-06-29',4,45347.21),
(74,'Harish Pandey',50,'M',8,'2023-01-10','2023-02-04',5,12552.41),
(75,'Neha Nair',26,'M',1,'2023-05-07','2023-05-15',1,95093.67),
(76,'Kavita Kumar',78,'M',10,'2023-04-22','2023-05-08',3,116200.22),
(77,'Ananya Sen',32,'M',5,'2023-02-25','2023-03-17',1,139688.64),
(78,'Kiran Mishra',68,'M',2,'2023-10-31','2023-11-24',2,19775.69),
(79,'Gopal Iyer',33,'M',6,'2023-09-30','2023-10-15',3,14998.73),
(80,'Rajesh Das',19,'F',8,'2023-02-24','2023-03-11',3,97159.84),
(81,'Harish Rao',37,'F',3,'2023-09-25','2023-10-17',3,94307.29),
(82,'Shobha Chatterjee',79,'F',7,'2023-10-31','2023-11-10',3,128498.41),
(83,'Harish Singh',53,'F',4,'2023-08-26','2023-09-15',5,101887.33),
(84,'Amit Sharma',81,'F',3,'2023-09-07','2023-09-15',3,120685.69),
(85,'Amit Reddy',53,'M',9,'2023-04-08','2023-04-12',2,109410.83),
(86,'Sunita Chatterjee',48,'F',8,'2023-08-18','2023-09-14',1,18492.74),
(87,'Kavita Mishra',49,'F',10,'2023-07-08','2023-07-25',5,81983.68),
(88,'Pooja Chatterjee',60,'F',8,'2023-05-19','2023-05-30',3,38428.02),
(89,'Usha Mehta',58,'M',9,'2023-12-20','2023-12-27',2,36375.77),
(90,'Sunita Reddy',85,'F',2,'2023-04-10','2023-04-21',2,57327.76),
(91,'Deepa Sharma',34,'F',1,'2023-01-28','2023-02-16',3,106125.52),
(92,'Vikram Pillai',31,'M',10,'2023-05-26','2023-06-12',4,68867.98),
(93,'Ananya Patel',50,'F',2,'2023-02-03','2023-02-17',4,15741.91),
(94,'Rajesh Patel',37,'M',10,'2023-06-05','2023-06-09',2,22175.48),
(95,'Gopal Pandey',46,'F',8,'2023-08-15','2023-08-26',5,148554.53),
(96,'Deepa Mukherjee',25,'M',4,'2023-11-17','2023-11-25',3,100762.08),
(97,'Ananya Nair',40,'M',3,'2023-01-02','2023-01-17',4,104958.81),
(98,'Sunita Iyer',22,'M',5,'2023-12-28','2024-01-08',4,15321.07),
(99,'Kavita Reddy',43,'F',2,'2023-10-06','2023-10-15',2,136719.66),
(100,'Harish Kumar',27,'M',3,'2023-06-07','2023-06-28',5,138572.92),
(101,'Arun Gupta',77,'F',7,'2023-05-20','2023-06-07',5,76600.31),
(102,'Rahul Sen',23,'F',6,'2023-11-06','2023-11-16',1,18242.40),
(103,'Lata Mukherjee',20,'F',10,'2023-01-21','2023-02-16',2,73222.62),
(104,'Rajesh Rao',53,'M',10,'2023-08-12','2023-09-03',4,145513.01),
(105,'Sunita Verma',70,'F',6,'2023-12-10','2023-12-15',2,52821.53),
(106,'Dinesh Pillai',54,'F',9,'2023-01-19','2023-02-04',1,50604.99),
(107,'Amit Gupta',69,'M',9,'2023-08-25','2023-09-09',1,32199.47),
(108,'Neha Sen',81,'F',1,'2023-04-15','2023-04-25',5,23996.92),
(109,'Deepa Rao',80,'M',1,'2023-11-19','2023-12-10',2,107918.51),
(110,'Deepa Chatterjee',19,'F',2,'2023-04-26','2023-05-24',1,71909.94),
(111,'Sneha Kumar',81,'F',9,'2023-12-28','2024-01-07',4,126034.97),
(112,'Sunita Nair',76,'M',7,'2023-04-08','2023-04-29',5,113212.42),
(113,'Vikram Singh',53,'F',6,'2023-09-17','2023-09-27',1,46011.65),
(114,'Deepa Mukherjee',80,'M',8,'2023-10-03','2023-10-20',3,53203.79),
(115,'Gopal Chatterjee',66,'F',6,'2023-04-07','2023-05-01',2,87910.66),
(116,'Kavita Pandey',23,'F',8,'2023-12-28','2024-01-24',4,60981.42),
(117,'Lata Kumar',81,'M',3,'2023-09-15','2023-10-05',3,131106.55),
(118,'Geeta Rao',30,'F',1,'2023-03-15','2023-03-30',2,15850.10),
(119,'Savita Reddy',61,'F',2,'2023-06-18','2023-07-17',5,60101.36),
(120,'Amit Pillai',22,'M',4,'2023-11-20','2023-12-13',3,149626.76),
(121,'Usha Singh',73,'M',2,'2023-08-16','2023-08-23',3,135996.49),
(122,'Priya Das',25,'F',6,'2023-07-11','2023-07-26',2,40408.63),
(123,'Pooja Mukherjee',41,'M',3,'2023-02-10','2023-03-03',4,94858.00),
(124,'Kavita Pillai',36,'M',8,'2023-11-23','2023-12-03',4,42022.37),
(125,'Aarav Rao',54,'M',2,'2023-08-15','2023-08-28',5,48377.37),
(126,'Pooja Reddy',76,'F',4,'2023-07-16','2023-08-14',4,20464.72),
(127,'Sanjay Mukherjee',63,'F',5,'2023-01-12','2023-02-09',4,44799.66),
(128,'Kiran Patel',81,'F',4,'2023-11-07','2023-12-04',3,36755.66),
(129,'Suresh Sen',50,'M',2,'2023-11-18','2023-12-10',1,49795.27),
(130,'Arun Patel',64,'M',2,'2023-06-01','2023-06-13',4,30467.81),
(131,'Vikram Chatterjee',64,'F',3,'2023-05-12','2023-06-09',4,145270.69),
(132,'Deepa Das',32,'F',2,'2023-03-14','2023-04-09',2,129720.39),
(133,'Usha Mishra',64,'M',7,'2023-01-08','2023-01-18',5,22920.37),
(134,'Neha Reddy',66,'F',2,'2023-12-12','2023-12-21',4,8628.57),
(135,'Vijay Chatterjee',59,'M',2,'2023-11-22','2023-12-20',4,136861.21),
(136,'Deepa Pandey',32,'M',1,'2023-01-20','2023-01-31',4,21837.47),
(137,'Kavita Chatterjee',35,'F',8,'2023-07-09','2023-08-01',5,65773.38),
(138,'Usha Kumar',71,'M',8,'2023-11-12','2023-11-27',3,9743.86),
(139,'Neha Mehta',74,'F',4,'2023-07-05','2023-07-10',3,83947.55),
(140,'Rajesh Verma',25,'F',5,'2023-04-08','2023-04-13',4,18292.65),
(141,'Suresh Sen',20,'M',6,'2023-05-05','2023-05-11',5,34754.81),
(142,'Harish Chatterjee',44,'M',4,'2023-06-18','2023-07-14',2,119353.34),
(143,'Meena Sharma',53,'M',3,'2023-10-04','2023-10-14',2,20939.32),
(144,'Geeta Sharma',34,'M',6,'2023-05-02','2023-05-22',3,7288.26),
(145,'Rohit Patel',34,'F',9,'2023-02-28','2023-03-25',1,74055.66),
(146,'Gopal Verma',83,'M',8,'2023-09-15','2023-09-24',5,11287.93),
(147,'Savita Bose',56,'F',1,'2023-02-01','2023-02-18',4,66809.67),
(148,'Sneha Pillai',74,'M',2,'2023-06-14','2023-07-05',2,14523.92),
(149,'Rohit Sen',59,'F',10,'2023-09-29','2023-10-10',4,78304.91),
(150,'Pooja Gupta',32,'M',7,'2023-08-20','2023-09-19',2,65002.97),
(151,'Harish Rao',69,'F',2,'2023-06-10','2023-06-25',3,101440.64),
(152,'Neha Kumar',78,'M',2,'2023-02-13','2023-02-17',4,19001.84),
(153,'Usha Verma',34,'M',10,'2023-10-15','2023-11-03',3,102151.92),
(154,'Pooja Verma',72,'M',5,'2023-11-04','2023-11-15',3,20022.08),
(155,'Manoj Mehta',37,'F',4,'2023-02-25','2023-03-10',5,58296.35),
(156,'Gopal Reddy',46,'F',9,'2023-11-15','2023-12-06',5,8806.81),
(157,'Shobha Reddy',21,'M',5,'2023-12-26','2024-01-21',3,138622.94),
(158,'Neha Sharma',41,'M',10,'2023-12-03','2023-12-17',1,25571.82),
(159,'Rajesh Sharma',29,'M',7,'2023-08-03','2023-08-19',3,27824.34),
(160,'Deepa Das',28,'M',3,'2023-03-22','2023-04-17',5,12215.56),
(161,'Rahul Reddy',74,'F',8,'2023-11-07','2023-11-23',4,44609.19),
(162,'Gopal Bose',32,'F',7,'2023-02-26','2023-03-09',5,75561.75),
(163,'Lata Iyer',23,'M',7,'2023-11-03','2023-11-06',1,34641.35),
(164,'Suresh Kumar',50,'F',6,'2023-03-03','2023-03-05',4,113317.05),
(165,'Ananya Kumar',66,'M',9,'2023-10-14','2023-11-11',3,15450.95),
(166,'Geeta Patel',73,'M',8,'2023-02-09','2023-03-10',3,88485.08),
(167,'Kiran Mishra',71,'F',2,'2023-07-27','2023-07-29',3,29921.61),
(168,'Meena Rao',64,'M',7,'2023-02-24','2023-03-05',4,90386.34),
(169,'Manoj Singh',68,'F',6,'2023-04-24','2023-05-06',2,16075.01),
(170,'Rajesh Gupta',85,'M',6,'2023-06-29','2023-07-24',2,39258.98),
(171,'Vikram Reddy',43,'M',10,'2023-03-20','2023-04-15',1,30686.19),
(172,'Gopal Pillai',77,'F',10,'2023-11-26','2023-12-18',5,51865.20),
(173,'Rajesh Das',37,'F',2,'2023-08-29','2023-09-14',3,120467.80),
(174,'Kiran Patel',63,'M',5,'2023-08-25','2023-09-10',1,13249.06),
(175,'Harish Iyer',27,'M',10,'2023-11-01','2023-11-19',4,72093.19),
(176,'Rekha Patel',75,'M',6,'2023-11-06','2023-11-23',5,26874.86),
(177,'Priya Rao',31,'F',2,'2023-09-16','2023-10-08',2,10675.61),
(178,'Dinesh Rao',74,'M',6,'2023-07-10','2023-07-21',4,64271.56),
(179,'Amit Sen',24,'F',2,'2023-06-18','2023-06-23',5,103365.01),
(180,'Deepa Reddy',37,'F',2,'2023-10-26','2023-11-18',2,137928.24),
(181,'Deepa Mishra',34,'M',5,'2023-10-14','2023-10-28',3,122911.79),
(182,'Lata Bose',29,'F',9,'2023-07-05','2023-07-07',3,49785.58),
(183,'Suresh Das',80,'M',4,'2023-03-12','2023-03-18',1,47889.85),
(184,'Savita Gupta',82,'M',6,'2023-11-13','2023-11-19',5,59624.38),
(185,'Ananya Joshi',39,'F',1,'2023-07-30','2023-08-12',2,145590.35),
(186,'Meena Iyer',75,'M',9,'2023-05-03','2023-05-14',4,136076.28),
(187,'Suresh Verma',74,'F',5,'2023-07-15','2023-08-02',5,65705.82),
(188,'Ananya Mehta',35,'F',1,'2023-11-25','2023-12-12',3,85408.41),
(189,'Sneha Bose',33,'F',2,'2023-03-24','2023-04-03',4,136269.40),
(190,'Vikram Pandey',29,'M',8,'2023-06-28','2023-06-30',4,12722.25),
(191,'Manoj Verma',48,'F',2,'2023-07-11','2023-07-20',1,51209.31),
(192,'Sneha Das',36,'M',1,'2023-05-27','2023-06-24',4,105930.44),
(193,'Vikram Pillai',75,'M',2,'2023-01-10','2023-01-20',2,126069.65),
(194,'Rekha Sen',85,'F',2,'2023-05-28','2023-06-06',3,22668.01),
(195,'Kavita Pandey',76,'M',2,'2023-09-13','2023-10-04',5,7383.13),
(196,'Manoj Mukherjee',48,'M',5,'2023-08-08','2023-08-10',5,56158.33),
(197,'Kiran Pandey',41,'M',9,'2023-07-04','2023-07-08',5,83891.88),
(198,'Savita Bose',20,'F',8,'2023-01-23','2023-02-14',4,147250.72),
(199,'Rohit Sharma',63,'M',6,'2023-05-04','2023-05-29',1,116867.70),
(200,'Usha Das',35,'M',6,'2023-10-07','2023-10-19',2,125405.63);


-- ============================================================
-- SECTION 4 — INSERT 200 LAB RECORDS
-- ============================================================

INSERT INTO Labs (LabID, PatientID, TestName, Result, NormalRange) VALUES
(1,196,'Blood Pressure',89.70,'150-200'),
(2,165,'Cholesterol',270.20,'13-17'),
(3,182,'Blood Pressure',268.00,'0.6-1.2'),
(4,142,'Cholesterol',57.30,'150-200'),
(5,55,'Blood Sugar',256.50,'120/80'),
(6,176,'Creatinine',82.20,'120/80'),
(7,7,'Blood Pressure',133.80,'150-200'),
(8,74,'Hemoglobin',235.90,'0.6-1.2'),
(9,7,'Hemoglobin',90.20,'20-50'),
(10,161,'Vitamin D',254.50,'13-17'),
(11,151,'Cholesterol',258.00,'120/80'),
(12,85,'Blood Pressure',176.90,'20-50'),
(13,147,'Vitamin D',51.60,'150-200'),
(14,112,'Blood Pressure',121.80,'20-50'),
(15,125,'Cholesterol',204.20,'70-120'),
(16,56,'Blood Sugar',120.10,'70-100'),
(17,194,'WBC Count',5568.00,'4000-11000'),
(18,89,'Creatinine',2.30,'0.6-1.2'),
(19,93,'Blood Sugar',180.60,'70-100'),
(20,157,'Cholesterol',248.00,'150-200'),
(21,186,'Platelet Count',144762.00,'150000-400000'),
(22,44,'Platelet Count',382666.00,'150000-400000'),
(23,141,'Platelet Count',221800.00,'150000-400000'),
(24,175,'Platelet Count',97302.00,'150000-400000'),
(25,25,'Blood Pressure',88.10,'120/80'),
(26,14,'Platelet Count',191155.00,'150000-400000'),
(27,96,'Hemoglobin',15.40,'13-17'),
(28,1,'Iron Count',162.20,'50-170'),
(29,40,'Blood Pressure',129.80,'120/80'),
(30,7,'WBC Count',5766.00,'4000-11000'),
(31,42,'Creatinine',1.90,'0.6-1.2'),
(32,106,'Iron Count',88.40,'50-170'),
(33,163,'Blood Sugar',225.30,'70-100'),
(34,143,'Cholesterol',209.90,'150-200'),
(35,169,'Thyroid (TSH)',3.77,'0.4-4.0'),
(36,191,'Vitamin D',52.50,'20-50'),
(37,155,'Vitamin D',70.30,'20-50'),
(38,150,'Vitamin D',61.40,'20-50'),
(39,53,'Vitamin D',78.30,'20-50'),
(40,29,'Cholesterol',290.20,'150-200'),
(41,146,'WBC Count',9301.00,'4000-11000'),
(42,62,'Vitamin D',26.90,'20-50'),
(43,178,'Blood Sugar',124.20,'70-100'),
(44,3,'Hemoglobin',8.50,'13-17'),
(45,125,'Blood Pressure',109.00,'120/80'),
(46,165,'Iron Count',218.80,'50-170'),
(47,54,'Iron Count',77.10,'50-170'),
(48,147,'Cholesterol',303.40,'150-200'),
(49,192,'Platelet Count',382874.00,'150000-400000'),
(50,116,'Hemoglobin',15.40,'13-17'),
(51,144,'Thyroid (TSH)',7.97,'0.4-4.0'),
(52,107,'Thyroid (TSH)',4.04,'0.4-4.0'),
(53,124,'Creatinine',1.90,'0.6-1.2'),
(54,6,'Blood Sugar',286.90,'70-100'),
(55,170,'WBC Count',7944.00,'4000-11000'),
(56,59,'Hemoglobin',9.40,'13-17'),
(57,30,'Vitamin D',13.40,'20-50'),
(58,60,'Creatinine',1.90,'0.6-1.2'),
(59,108,'Thyroid (TSH)',2.36,'0.4-4.0'),
(60,173,'Blood Pressure',164.70,'120/80'),
(61,77,'Iron Count',50.80,'50-170'),
(62,2,'Creatinine',2.70,'0.6-1.2'),
(63,135,'Iron Count',104.20,'50-170'),
(64,75,'Iron Count',31.80,'50-170'),
(65,66,'WBC Count',4531.00,'4000-11000'),
(66,172,'WBC Count',5752.00,'4000-11000'),
(67,8,'Iron Count',136.00,'50-170'),
(68,138,'WBC Count',5636.00,'4000-11000'),
(69,33,'Platelet Count',365767.00,'150000-400000'),
(70,88,'Blood Sugar',90.90,'70-100'),
(71,158,'Blood Sugar',154.50,'70-100'),
(72,156,'Vitamin D',49.00,'20-50'),
(73,97,'Vitamin D',62.80,'20-50'),
(74,86,'Hemoglobin',13.60,'13-17'),
(75,61,'Iron Count',135.00,'50-170'),
(76,46,'Blood Pressure',83.90,'120/80'),
(77,136,'Vitamin D',66.30,'20-50'),
(78,55,'WBC Count',7941.00,'4000-11000'),
(79,39,'Platelet Count',455115.00,'150000-400000'),
(80,38,'Cholesterol',182.00,'150-200'),
(81,117,'Platelet Count',213783.00,'150000-400000'),
(82,45,'Iron Count',247.80,'50-170'),
(83,129,'Creatinine',2.20,'0.6-1.2'),
(84,187,'WBC Count',12768.00,'4000-11000'),
(85,181,'WBC Count',8368.00,'4000-11000'),
(86,23,'Platelet Count',205912.00,'150000-400000'),
(87,183,'Blood Pressure',116.80,'120/80'),
(88,137,'Blood Sugar',295.20,'70-100'),
(89,121,'Platelet Count',209225.00,'150000-400000'),
(90,139,'Blood Pressure',139.70,'120/80'),
(91,26,'Creatinine',3.40,'0.6-1.2'),
(92,63,'Platelet Count',322606.00,'150000-400000'),
(93,37,'Blood Pressure',138.40,'120/80'),
(94,28,'Cholesterol',231.10,'150-200'),
(95,105,'Platelet Count',405335.00,'150000-400000'),
(96,82,'Iron Count',54.00,'50-170'),
(97,34,'Hemoglobin',7.30,'13-17'),
(98,16,'Blood Sugar',105.80,'70-100'),
(99,72,'Thyroid (TSH)',2.58,'0.4-4.0'),
(100,152,'Cholesterol',203.20,'150-200'),
(101,67,'Hemoglobin',11.50,'13-17'),
(102,64,'Platelet Count',466619.00,'150000-400000'),
(103,24,'Blood Pressure',150.60,'120/80'),
(104,126,'WBC Count',4695.00,'4000-11000'),
(105,182,'Vitamin D',79.90,'20-50'),
(106,171,'Thyroid (TSH)',4.25,'0.4-4.0'),
(107,36,'Vitamin D',77.00,'20-50'),
(108,145,'Thyroid (TSH)',7.31,'0.4-4.0'),
(109,159,'Vitamin D',48.20,'20-50'),
(110,51,'Creatinine',2.30,'0.6-1.2'),
(111,134,'Hemoglobin',17.50,'13-17'),
(112,68,'Creatinine',2.10,'0.6-1.2'),
(113,18,'Hemoglobin',17.40,'13-17'),
(114,174,'Creatinine',2.80,'0.6-1.2'),
(115,177,'Hemoglobin',14.60,'13-17'),
(116,98,'Thyroid (TSH)',2.60,'0.4-4.0'),
(117,120,'Vitamin D',49.20,'20-50'),
(118,130,'Creatinine',1.30,'0.6-1.2'),
(119,161,'Platelet Count',364181.00,'150000-400000'),
(120,58,'Iron Count',226.00,'50-170'),
(121,127,'Iron Count',208.20,'50-170'),
(122,131,'Cholesterol',172.60,'150-200'),
(123,197,'Creatinine',3.40,'0.6-1.2'),
(124,199,'Blood Sugar',143.10,'70-100'),
(125,73,'Thyroid (TSH)',5.28,'0.4-4.0'),
(126,50,'Thyroid (TSH)',1.79,'0.4-4.0'),
(127,164,'WBC Count',5525.00,'4000-11000'),
(128,151,'WBC Count',11050.00,'4000-11000'),
(129,148,'Cholesterol',127.30,'150-200'),
(130,100,'Platelet Count',180498.00,'150000-400000'),
(131,31,'Blood Pressure',147.00,'120/80'),
(132,9,'WBC Count',4934.00,'4000-11000'),
(133,193,'Hemoglobin',7.60,'13-17'),
(134,5,'Iron Count',96.00,'50-170'),
(135,57,'Thyroid (TSH)',0.89,'0.4-4.0'),
(136,101,'Cholesterol',101.30,'150-200'),
(137,196,'WBC Count',14713.00,'4000-11000'),
(138,78,'Cholesterol',201.70,'150-200'),
(139,154,'Thyroid (TSH)',3.87,'0.4-4.0'),
(140,19,'Hemoglobin',15.30,'13-17'),
(141,4,'Creatinine',1.40,'0.6-1.2'),
(142,198,'Blood Pressure',170.80,'120/80'),
(143,41,'Blood Sugar',216.60,'70-100'),
(144,94,'Hemoglobin',12.90,'13-17'),
(145,104,'Blood Pressure',171.30,'120/80'),
(146,20,'Cholesterol',204.50,'150-200'),
(147,15,'Cholesterol',333.50,'150-200'),
(148,71,'Blood Pressure',179.70,'120/80'),
(149,200,'Iron Count',201.20,'50-170'),
(150,91,'Cholesterol',334.20,'150-200'),
(151,185,'Creatinine',3.10,'0.6-1.2'),
(152,142,'Blood Pressure',109.80,'120/80'),
(153,90,'Platelet Count',125066.00,'150000-400000'),
(154,114,'Vitamin D',29.90,'20-50'),
(155,43,'WBC Count',8816.00,'4000-11000'),
(156,110,'Cholesterol',312.80,'150-200'),
(157,115,'Thyroid (TSH)',2.26,'0.4-4.0'),
(158,79,'Blood Sugar',139.40,'70-100'),
(159,149,'Thyroid (TSH)',5.22,'0.4-4.0'),
(160,84,'Cholesterol',103.50,'150-200'),
(161,153,'Vitamin D',65.40,'20-50'),
(162,27,'Platelet Count',363248.00,'150000-400000'),
(163,83,'Hemoglobin',8.90,'13-17'),
(164,189,'Iron Count',210.20,'50-170'),
(165,180,'WBC Count',6263.00,'4000-11000'),
(166,195,'Iron Count',173.90,'50-170'),
(167,111,'Cholesterol',345.40,'150-200'),
(168,21,'Thyroid (TSH)',2.66,'0.4-4.0'),
(169,109,'Hemoglobin',7.10,'13-17'),
(170,22,'Iron Count',74.20,'50-170'),
(171,69,'Creatinine',3.40,'0.6-1.2'),
(172,133,'Creatinine',2.20,'0.6-1.2'),
(173,167,'Platelet Count',84803.00,'150000-400000'),
(174,160,'Vitamin D',58.50,'20-50'),
(175,128,'Blood Pressure',146.80,'120/80'),
(176,48,'Thyroid (TSH)',2.52,'0.4-4.0'),
(177,87,'Iron Count',177.80,'50-170'),
(178,99,'Creatinine',2.50,'0.6-1.2'),
(179,113,'Creatinine',1.50,'0.6-1.2'),
(180,103,'Hemoglobin',9.40,'13-17'),
(181,112,'Cholesterol',219.50,'150-200'),
(182,95,'Thyroid (TSH)',6.01,'0.4-4.0'),
(183,32,'Platelet Count',236922.00,'150000-400000'),
(184,70,'WBC Count',13866.00,'4000-11000'),
(185,85,'WBC Count',12426.00,'4000-11000'),
(186,168,'Hemoglobin',15.40,'13-17'),
(187,13,'Platelet Count',446717.00,'150000-400000'),
(188,92,'Blood Sugar',186.10,'70-100'),
(189,74,'WBC Count',11149.00,'4000-11000'),
(190,49,'Blood Sugar',280.10,'70-100'),
(191,166,'Blood Sugar',74.80,'70-100'),
(192,190,'WBC Count',13738.00,'4000-11000'),
(193,65,'Hemoglobin',13.30,'13-17'),
(194,122,'Cholesterol',141.10,'150-200'),
(195,140,'WBC Count',7744.00,'4000-11000'),
(196,102,'Hemoglobin',14.90,'13-17'),
(197,132,'Thyroid (TSH)',0.82,'0.4-4.0'),
(198,80,'WBC Count',7791.00,'4000-11000'),
(199,81,'Blood Pressure',125.30,'120/80'),
(200,11,'WBC Count',7401.00,'4000-11000');


-- ============================================================
-- SECTION 5 — SELECT & ANALYTICAL QUERIES
-- ============================================================

-- Query 1: View All Records
SELECT * FROM Patients;
SELECT * FROM Labs;
SELECT * FROM Diagnoses;
SELECT * FROM Outcomes;

-- Query 2: Retrieve Detailed Patient Lab History
SELECT p.PatientID, p.Name, d.DiagnosisName,
       o.OutcomeDescription, l.TestName, l.Result, l.NormalRange
FROM Patients p
JOIN Diagnoses d ON p.DiagnosisID = d.DiagnosisID
JOIN Outcomes  o ON p.OutcomeID   = o.OutcomeID
JOIN Labs      l ON p.PatientID   = l.PatientID
ORDER BY p.PatientID, l.TestName;

-- Query 3: Average Lab Results by Diagnosis
SELECT d.DiagnosisName, l.TestName, AVG(l.Result) AS AvgResult
FROM Patients  p
JOIN Diagnoses d ON p.DiagnosisID = d.DiagnosisID
JOIN Labs      l ON l.PatientID   = p.PatientID
GROUP BY d.DiagnosisName, l.TestName;

-- Query 4: Count of Abnormal Lab Records per Patient
SELECT p.PatientID, p.Name, COUNT(*) AS AbnormalCount
FROM Patients p
JOIN Labs l ON p.PatientID = l.PatientID
WHERE (l.TestName = 'Blood Pressure' AND (l.Result > 200  OR l.Result < 150))
   OR (l.TestName = 'Cholesterol'    AND (l.Result > 17   OR l.Result < 13))
   OR (l.TestName = 'Hemoglobin'     AND  l.Result > 1.2)
GROUP BY p.PatientID, p.Name
ORDER BY AbnormalCount DESC;

-- Query 5: Diagnosis with Highest Treatment Cost
SELECT d.DiagnosisName, SUM(p.TreatmentCost) AS TotalCost
FROM Patients  p
JOIN Diagnoses d ON p.DiagnosisID = d.DiagnosisID
GROUP BY d.DiagnosisName
ORDER BY TotalCost DESC;

-- Query 6: Patients at Risk by Age & Outcome
SELECT p.PatientID, p.Name, d.DiagnosisName, o.OutcomeDescription
FROM Patients  p
JOIN Diagnoses d ON p.DiagnosisID = d.DiagnosisID
JOIN Outcomes  o ON p.OutcomeID   = o.OutcomeID
WHERE p.Age > 30 AND o.OutcomeDescription != 'Recovered';

-- Query 7: Lab Trend Over Time for Specific Patients
SELECT l.TestName, l.Result, p.AdmissionDate
FROM Patients p
JOIN Labs l ON p.PatientID = l.PatientID
WHERE p.PatientID IN (2, 4, 6, 8, 12, 15)
ORDER BY p.AdmissionDate;

-- Query 8: Distribution of Outcomes by Diagnosis
SELECT d.DiagnosisName, o.OutcomeDescription, COUNT(*) AS OutcomeCount
FROM Patients  p
JOIN Diagnoses d ON p.DiagnosisID = d.DiagnosisID
JOIN Outcomes  o ON p.OutcomeID   = o.OutcomeID
GROUP BY d.DiagnosisName, o.OutcomeDescription
ORDER BY d.DiagnosisName, o.OutcomeDescription DESC;


-- ============================================================
-- SECTION 6 — VERIFY RECORD COUNTS
-- ============================================================

SELECT 'Diagnoses' AS TableName, COUNT(*) AS TotalRecords FROM Diagnoses
UNION ALL
SELECT 'Outcomes',  COUNT(*) FROM Outcomes
UNION ALL
SELECT 'Patients',  COUNT(*) FROM Patients
UNION ALL
SELECT 'Labs',      COUNT(*) FROM Labs;

-- Check Table Structure
SHOW TABLES;
DESC Diagnoses;
DESC Outcomes;
DESC Patients;
DESC Labs;

-- Drop & Reset (Uncomment to use — runs in reverse FK order)
-- DROP TABLE IF EXISTS Labs;
-- DROP TABLE IF EXISTS Patients;
-- DROP TABLE IF EXISTS Outcomes;
-- DROP TABLE IF EXISTS Diagnoses;
-- DROP DATABASE IF EXISTS HospitalDB;

-- ============================================================
-- END OF FILE
-- ============================================================
